<?xml version="1.0" encoding="UTF-8"?>
<project-private xmlns="http://www.netbeans.org/ns/project-private/1">
    <editor-bookmarks xmlns="http://www.netbeans.org/ns/editor-bookmarks/2" lastBookmarkId="0"/>
    <open-files xmlns="http://www.netbeans.org/ns/projectui-open-files/2">
<<<<<<< HEAD
        <group/>
=======
        <group>
            <file>file:/D:/DAIHOC/nam2/HKII/LapTrinhJava/UngDungQLTV/DoAnJava/QuanLyThuVien/src/GUI/QuanLyNhanVien.java</file>
        </group>
>>>>>>> 18e7a654d2c4869ba349683f228b080b212d9850
    </open-files>
</project-private>
